mountains,168.1283,-50.98569,245.0015
mountain_Snow_000,5.979996,0,711.8015
_UMS_LODs_,5.979996,0,711.8015
Level00,5.979996,0,711.8015
000_static_mountain_Snow_000,5.979996,0,711.8015
Level01,5.979996,0,711.8015
000_static_mountain_Snow_000_combined_static,5.979996,0,711.8015
Level02,5.979996,0,711.8015
000_static_mountain_Snow_000_combined_static,5.979996,0,711.8015
Free_Mountain,-200.9117,77.28432,-519.5984
_UMS_LODs_,-200.9117,77.28432,-519.5984
Level00,-200.9117,77.28432,-519.5984
000_static_Free_Mountain,-200.9117,77.28432,-519.5984
Level01,-200.9117,77.28432,-519.5984
000_static_Free_Mountain_combined_static,-200.9117,77.28432,-519.5984
Level02,-200.9117,77.28432,-519.5984
000_static_Free_Mountain_combined_static,-200.9117,77.28432,-519.5984
Residential Buildings 001,-80.3,5.200001,-77.29999
Residential Buildings 002,-100.9,3.5,-59.89999
Residential Buildings 003,-130.6817,4.470001,-23.49847
Residential Buildings 004,-115.86,2.584312,-90.10001
Residential Buildings 007,-154.9,0,32.60001
skyscrapper,-287,27.7,-72.29999
Arc02,-320.3184,90.96988,-22.96085
Box01,-119.4299,8.719818,15.21838
Camera01,-191.6496,10.37084,-33.18695
Camera01.target,-305.2064,16.08904,-80.22629
Line05,-276.162,8.719872,-71.7525
Line15,-267.8546,87.10001,-38.59613
Line72,-267.8553,68,-38.59875
Line99,-307.1262,43.01988,-69.84238
Line127,-307.1262,55.51988,-69.84238
Line201,-276.162,8.869873,-71.7525
Line202,-276.162,9.019871,-71.7525
Line204,-267.8553,40.1,-38.59875
Line206,-296.5351,9.200539,-97.47467
Line207,-296.5351,9.159912,-97.47467
Object01,-267.8553,68,-38.59875
Object02,-267.8553,36.831,-38.59875
Object03,-267.8553,33.331,-38.59875
Object04,-267.8553,29.831,-38.59875
Object05,-267.8553,26.331,-38.59875
Object06,-267.8553,22.831,-38.59875
Object07,-267.8553,19.331,-38.59875
Object08,-267.8553,15.831,-38.59875
Object09,-267.8553,12.331,-38.59875
Object10,-267.8553,8.830997,-38.59875
Object11,-267.8553,5.330997,-38.59875
Object12,-267.8553,1.830997,-38.59875
Object13,-267.8553,-1.669003,-38.59875
Object14,-267.8553,-5.169006,-38.59875
Object15,-267.8553,-8.669006,-38.59875
Object16,-267.8553,-12.16901,-38.59875
Object17,-267.8553,-15.66901,-38.59875
Object18,-267.8553,-19.16901,-38.59875
Object20,-267.8553,-26.16901,-38.59875
Plane17,-288.6525,45.76113,-80.59189
Plane55,-273.0047,42.31625,-91.9462
Rectangl10,-273.9717,8.719879,-34.91162
Rectangl11,-297.1365,8.719879,-64.66797
Rectangl12,-280.4719,8.719879,-33.8891
Rectangl13,-286.7211,8.719879,-32.81458
Rectangl14,-292.8497,8.719879,-31.7608
Rectangl15,-288.2104,33.01988,-66.15121
Rectangl16,-286.7468,87.31989,-35.41748
Rectangl17,-289.936,8.719872,-70.27338
Rectangl18,-289.936,8.719872,-70.27338
Rectangl19,-285.3289,8.719872,-64.35526
Rectangl20,-285.3289,8.719872,-64.35526
Rectangl21,-280.7217,8.719872,-58.4371
Rectangl22,-280.7217,8.719872,-58.4371
Rectangl23,-276.1146,8.719872,-52.51898
Rectangl24,-276.1146,8.719872,-52.51898
Rectangl25,-271.5074,8.719872,-46.60086
Rectangl26,-271.5074,8.719872,-46.60086
Rectangl27,-266.9003,8.719872,-40.68271
Rectangl28,-266.9003,8.719872,-40.68271
Rectangl29,-273.912,15.81989,-92.2626
Rectangl30,-272.9676,8.719872,-98.05371
Rectangl31,-278.6792,8.719872,-93.19272
Rectangl32,-284.3907,8.719872,-88.33182
Rectangl33,-290.1024,8.719872,-83.47083
Rectangl34,-295.8139,8.719872,-78.60992
Rectangl35,-268.1272,8.719872,-102.1732
Rectangl36,-294.0365,8.719872,-76.42569
Rectangl37,-294.0365,8.719872,-76.42569
Rectangl38,-288.2153,8.719872,-81.35532
Rectangl39,-288.2153,8.719872,-81.35532
Rectangl40,-282.6288,8.719872,-86.19122
Rectangl41,-282.6288,8.719872,-86.19122
Rectangl42,-266.2721,8.719872,-100.0804
Rectangl43,-266.2721,8.719872,-100.0804
Rectangl44,-271.1083,8.719872,-95.95367
Rectangl45,-271.1083,8.719872,-95.95367
Rectangl46,-276.8967,8.719872,-91.0506
Rectangl47,-276.8967,8.719872,-91.0506
Rectangl48,-278.2684,9.244873,-48.36569
Rectangle0,-291.7864,8.719879,-68.83282
Rectangle1,-287.1793,8.719879,-62.9147
Rectangle2,-282.5722,8.719879,-56.99658
Rectangle3,-277.965,8.719879,-51.07843
Rectangle4,-273.3579,8.719879,-45.16031
Rectangle5,-268.7507,8.719879,-39.24219
Rectangle6,-292.5293,8.719879,-58.74985
Rectangle7,-287.9222,8.719879,-52.83173
Rectangle8,-283.315,8.719879,-46.91357
Rectangle9,-278.7079,8.719879,-40.99545
tower,111.58,35.87431,-121.38
TowerParent,74.15091,35.87431,-138.3586
bearing01,74.15091,35.87431,-138.3586
bearing02,74.15091,35.87431,-138.3586
bearing03,74.15091,35.87431,-138.3586
bearing04,74.15091,35.87431,-138.3586
bearing05,74.15091,35.87431,-138.3586
bearing06,74.15091,35.87431,-138.3586
bearing07,74.15091,35.87431,-138.3586
bearing08,74.15091,35.87431,-138.3586
bearing09,74.15091,35.87431,-138.3586
bearing10,74.15091,35.87431,-138.3586
bearing11,74.15091,35.87431,-138.3586
bearing12,74.15091,35.87431,-138.3586
Concrete_base,74.15091,35.87431,-138.3586
frame01,74.15091,35.87431,-138.3586
frame02,74.15091,35.87431,-138.3586
frame03,74.15091,35.87431,-138.3586
frame04,74.15091,35.87431,-138.3586
frame05,74.15091,35.87431,-138.3586
frame06,74.15091,35.87431,-138.3586
frame07,74.15091,35.87431,-138.3586
frame08,74.15091,35.87431,-138.3586
frame09,74.15091,35.87431,-138.3586
frame10,74.15091,35.87431,-138.3586
frame11,74.15091,35.87431,-138.3586
frame12,74.15091,35.87431,-138.3586
Grid_construction,74.15091,35.87431,-138.3586
insulators01,74.15091,35.87431,-138.3586
insulators02,74.15091,35.87431,-138.3586
insulators03,74.15091,35.87431,-138.3586
insulators04,74.15091,35.87431,-138.3586
insulators05,74.15091,35.87431,-138.3586
insulators06,74.15091,35.87431,-138.3586
insulators07,74.15091,35.87431,-138.3586
insulators08,74.15091,35.87431,-138.3586
insulators09,74.15091,35.87431,-138.3586
insulators10,74.15091,35.87431,-138.3586
insulators11,74.15091,35.87431,-138.3586
insulators12,74.15091,35.87431,-138.3586
lower_bridges,74.15091,35.87431,-138.3586
upper_bridges,74.15091,35.87431,-138.3586
_UMS_LODs_,74.15091,35.87431,-138.3586
Level00,74.15091,35.87431,-138.3586
000_static_bearing01,74.15091,35.87431,-138.3586
001_static_bearing02,74.15091,35.87431,-138.3586
002_static_bearing03,74.15091,35.87431,-138.3586
003_static_bearing04,74.15091,35.87431,-138.3586
004_static_bearing05,74.15091,35.87431,-138.3586
005_static_bearing06,74.15091,35.87431,-138.3586
006_static_bearing07,74.15091,35.87431,-138.3586
007_static_bearing08,74.15091,35.87431,-138.3586
008_static_bearing09,74.15091,35.87431,-138.3586
009_static_bearing10,74.15091,35.87431,-138.3586
010_static_bearing11,74.15091,35.87431,-138.3586
011_static_bearing12,74.15091,35.87431,-138.3586
012_static_Concrete_base,74.15091,35.87431,-138.3586
013_static_frame01,74.15091,35.87431,-138.3586
014_static_frame02,74.15091,35.87431,-138.3586
015_static_frame03,74.15091,35.87431,-138.3586
016_static_frame04,74.15091,35.87431,-138.3586
017_static_frame05,74.15091,35.87431,-138.3586
018_static_frame06,74.15091,35.87431,-138.3586
019_static_frame07,74.15091,35.87431,-138.3586
020_static_frame08,74.15091,35.87431,-138.3586
021_static_frame09,74.15091,35.87431,-138.3586
022_static_frame10,74.15091,35.87431,-138.3586
023_static_frame11,74.15091,35.87431,-138.3586
024_static_frame12,74.15091,35.87431,-138.3586
025_static_Grid_construction,74.15091,35.87431,-138.3586
026_static_insulators01,74.15091,35.87431,-138.3586
027_static_insulators02,74.15091,35.87431,-138.3586
028_static_insulators03,74.15091,35.87431,-138.3586
029_static_insulators04,74.15091,35.87431,-138.3586
030_static_insulators05,74.15091,35.87431,-138.3586
031_static_insulators06,74.15091,35.87431,-138.3586
032_static_insulators07,74.15091,35.87431,-138.3586
033_static_insulators08,74.15091,35.87431,-138.3586
034_static_insulators09,74.15091,35.87431,-138.3586
035_static_insulators10,74.15091,35.87431,-138.3586
036_static_insulators11,74.15091,35.87431,-138.3586
037_static_insulators12,74.15091,35.87431,-138.3586
038_static_lower_bridges,74.15091,35.87431,-138.3586
039_static_upper_bridges,74.15091,35.87431,-138.3586
Level01,74.15091,35.87431,-138.3586
000_static_TowerParent_combined_static,74.15091,35.87431,-138.3586
Level02,74.15091,35.87431,-138.3586
000_static_TowerParent_combined_static,74.15091,35.87431,-138.3586
tower2,23.3,29.65431,-161.1
TowerParent,-16.57915,29.65431,-171.043
bearing01,-16.57915,29.65431,-171.043
bearing02,-16.57915,29.65431,-171.043
bearing03,-16.57915,29.65431,-171.043
bearing04,-16.57915,29.65431,-171.043
bearing05,-16.57915,29.65431,-171.043
bearing06,-16.57915,29.65431,-171.043
bearing07,-16.57915,29.65431,-171.043
bearing08,-16.57915,29.65431,-171.043
bearing09,-16.57915,29.65431,-171.043
bearing10,-16.57915,29.65431,-171.043
bearing11,-16.57915,29.65431,-171.043
bearing12,-16.57915,29.65431,-171.043
Concrete_base,-16.57915,29.65431,-171.043
frame01,-16.57915,29.65431,-171.043
frame02,-16.57915,29.65431,-171.043
frame03,-16.57915,29.65431,-171.043
frame04,-16.57915,29.65431,-171.043
frame05,-16.57915,29.65431,-171.043
frame06,-16.57915,29.65431,-171.043
frame07,-16.57915,29.65431,-171.043
frame08,-16.57915,29.65431,-171.043
frame09,-16.57915,29.65431,-171.043
frame10,-16.57915,29.65431,-171.043
frame11,-16.57915,29.65431,-171.043
frame12,-16.57915,29.65431,-171.043
Grid_construction,-16.57915,29.65431,-171.043
insulators01,-16.57915,29.65431,-171.043
insulators02,-16.57915,29.65431,-171.043
insulators03,-16.57915,29.65431,-171.043
insulators04,-16.57915,29.65431,-171.043
insulators05,-16.57915,29.65431,-171.043
insulators06,-16.57915,29.65431,-171.043
insulators07,-16.57915,29.65431,-171.043
insulators08,-16.57915,29.65431,-171.043
insulators09,-16.57915,29.65431,-171.043
insulators10,-16.57915,29.65431,-171.043
insulators11,-16.57915,29.65431,-171.043
insulators12,-16.57915,29.65431,-171.043
lower_bridges,-16.57915,29.65431,-171.043
upper_bridges,-16.57915,29.65431,-171.043
_UMS_LODs_,-16.57915,29.65431,-171.043
Level00,-16.57915,29.65431,-171.043
000_static_bearing01,-16.57915,29.65431,-171.043
001_static_bearing02,-16.57915,29.65431,-171.043
002_static_bearing03,-16.57915,29.65431,-171.043
003_static_bearing04,-16.57915,29.65431,-171.043
004_static_bearing05,-16.57915,29.65431,-171.043
005_static_bearing06,-16.57915,29.65431,-171.043
006_static_bearing07,-16.57915,29.65431,-171.043
007_static_bearing08,-16.57915,29.65431,-171.043
008_static_bearing09,-16.57915,29.65431,-171.043
009_static_bearing10,-16.57915,29.65431,-171.043
010_static_bearing11,-16.57915,29.65431,-171.043
011_static_bearing12,-16.57915,29.65431,-171.043
012_static_Concrete_base,-16.57915,29.65431,-171.043
013_static_frame01,-16.57915,29.65431,-171.043
014_static_frame02,-16.57915,29.65431,-171.043
015_static_frame03,-16.57915,29.65431,-171.043
016_static_frame04,-16.57915,29.65431,-171.043
017_static_frame05,-16.57915,29.65431,-171.043
018_static_frame06,-16.57915,29.65431,-171.043
019_static_frame07,-16.57915,29.65431,-171.043
020_static_frame08,-16.57915,29.65431,-171.043
021_static_frame09,-16.57915,29.65431,-171.043
022_static_frame10,-16.57915,29.65431,-171.043
023_static_frame11,-16.57915,29.65431,-171.043
024_static_frame12,-16.57915,29.65431,-171.043
025_static_Grid_construction,-16.57915,29.65431,-171.043
026_static_insulators01,-16.57915,29.65431,-171.043
027_static_insulators02,-16.57915,29.65431,-171.043
028_static_insulators03,-16.57915,29.65431,-171.043
029_static_insulators04,-16.57915,29.65431,-171.043
030_static_insulators05,-16.57915,29.65431,-171.043
031_static_insulators06,-16.57915,29.65431,-171.043
032_static_insulators07,-16.57915,29.65431,-171.043
033_static_insulators08,-16.57915,29.65431,-171.043
034_static_insulators09,-16.57915,29.65431,-171.043
035_static_insulators10,-16.57915,29.65431,-171.043
036_static_insulators11,-16.57915,29.65431,-171.043
037_static_insulators12,-16.57915,29.65431,-171.043
038_static_lower_bridges,-16.57915,29.65431,-171.043
039_static_upper_bridges,-16.57915,29.65431,-171.043
Level01,-16.57915,29.65431,-171.043
000_static_TowerParent_combined_static,-16.57915,29.65431,-171.043
Level02,-16.57915,29.65431,-171.043
000_static_TowerParent_combined_static,-16.57915,29.65431,-171.043
tower3,-32.47169,4.5,-105.3985
TowerParent,-72.58188,4.5,-96.43277
bearing01,-72.58188,4.5,-96.43277
bearing02,-72.58188,4.5,-96.43277
bearing03,-72.58188,4.5,-96.43277
bearing04,-72.58188,4.5,-96.43277
bearing05,-72.58188,4.5,-96.43277
bearing06,-72.58188,4.5,-96.43277
bearing07,-72.58188,4.5,-96.43277
bearing08,-72.58188,4.5,-96.43277
bearing09,-72.58188,4.5,-96.43277
bearing10,-72.58188,4.5,-96.43277
bearing11,-72.58188,4.5,-96.43277
bearing12,-72.58188,4.5,-96.43277
Concrete_base,-72.58188,4.5,-96.43277
frame01,-72.58188,4.5,-96.43277
frame02,-72.58188,4.5,-96.43277
frame03,-72.58188,4.5,-96.43277
frame04,-72.58188,4.5,-96.43277
frame05,-72.58188,4.5,-96.43277
frame06,-72.58188,4.5,-96.43277
frame07,-72.58188,4.5,-96.43277
frame08,-72.58188,4.5,-96.43277
frame09,-72.58188,4.5,-96.43277
frame10,-72.58188,4.5,-96.43277
frame11,-72.58188,4.5,-96.43277
frame12,-72.58188,4.5,-96.43277
Grid_construction,-72.58188,4.5,-96.43277
insulators01,-72.58188,4.5,-96.43277
insulators02,-72.58188,4.5,-96.43277
insulators03,-72.58188,4.5,-96.43277
insulators04,-72.58188,4.5,-96.43277
insulators05,-72.58188,4.5,-96.43277
insulators06,-72.58188,4.5,-96.43277
insulators07,-72.58188,4.5,-96.43277
insulators08,-72.58188,4.5,-96.43277
insulators09,-72.58188,4.5,-96.43277
insulators10,-72.58188,4.5,-96.43277
insulators11,-72.58188,4.5,-96.43277
insulators12,-72.58188,4.5,-96.43277
lower_bridges,-72.58188,4.5,-96.43277
upper_bridges,-72.58188,4.5,-96.43277
_UMS_LODs_,-72.58188,4.5,-96.43277
Level00,-72.58188,4.5,-96.43277
000_static_bearing01,-72.58188,4.5,-96.43277
001_static_bearing02,-72.58188,4.5,-96.43277
002_static_bearing03,-72.58188,4.5,-96.43277
003_static_bearing04,-72.58188,4.5,-96.43277
004_static_bearing05,-72.58188,4.5,-96.43277
005_static_bearing06,-72.58188,4.5,-96.43277
006_static_bearing07,-72.58188,4.5,-96.43277
007_static_bearing08,-72.58188,4.5,-96.43277
008_static_bearing09,-72.58188,4.5,-96.43277
009_static_bearing10,-72.58188,4.5,-96.43277
010_static_bearing11,-72.58188,4.5,-96.43277
011_static_bearing12,-72.58188,4.5,-96.43277
012_static_Concrete_base,-72.58188,4.5,-96.43277
013_static_frame01,-72.58188,4.5,-96.43277
014_static_frame02,-72.58188,4.5,-96.43277
015_static_frame03,-72.58188,4.5,-96.43277
016_static_frame04,-72.58188,4.5,-96.43277
017_static_frame05,-72.58188,4.5,-96.43277
018_static_frame06,-72.58188,4.5,-96.43277
019_static_frame07,-72.58188,4.5,-96.43277
020_static_frame08,-72.58188,4.5,-96.43277
021_static_frame09,-72.58188,4.5,-96.43277
022_static_frame10,-72.58188,4.5,-96.43277
023_static_frame11,-72.58188,4.5,-96.43277
024_static_frame12,-72.58188,4.5,-96.43277
025_static_Grid_construction,-72.58188,4.5,-96.43277
026_static_insulators01,-72.58188,4.5,-96.43277
027_static_insulators02,-72.58188,4.5,-96.43277
028_static_insulators03,-72.58188,4.5,-96.43277
029_static_insulators04,-72.58188,4.5,-96.43277
030_static_insulators05,-72.58188,4.5,-96.43277
031_static_insulators06,-72.58188,4.5,-96.43277
032_static_insulators07,-72.58188,4.5,-96.43277
033_static_insulators08,-72.58188,4.5,-96.43277
034_static_insulators09,-72.58188,4.5,-96.43277
035_static_insulators10,-72.58188,4.5,-96.43277
036_static_insulators11,-72.58188,4.5,-96.43277
037_static_insulators12,-72.58188,4.5,-96.43277
038_static_lower_bridges,-72.58188,4.5,-96.43277
039_static_upper_bridges,-72.58188,4.5,-96.43277
Level01,-72.58188,4.5,-96.43277
000_static_TowerParent_combined_static,-72.58188,4.5,-96.43277
Level02,-72.58188,4.5,-96.43277
000_static_TowerParent_combined_static,-72.58188,4.5,-96.43277
ChineseTing 1,83.6,28.01431,146.3
Residential Buildings 010,-265.9493,3.646095,42.57639
Residential Buildings 010 (1),-265.9493,3.646095,9.800003
Residential Buildings 010 (2),-237.393,-1.925255,-171.9
Residential Buildings 010 (3),-269.8,-1.925255,-171.9
confier,-1.085083,17.61952,-3.643677
PF Conifer Medium BOTD URP,-13.36584,-0.6473312,126.1675
Conifer Medium BOTD LOD0,-13.36584,-0.6473312,126.1675
Conifer Medium BOTD LOD1,-13.36584,-0.6473312,126.1675
Conifer Medium BOTD Billboard,-13.36584,-0.6473312,126.1675
PF Conifer Medium BOTD URP,-16.11392,0.1417389,133.2009
Conifer Medium BOTD LOD0,-16.11392,0.1417389,133.2009
Conifer Medium BOTD LOD1,-16.11392,0.1417389,133.2009
Conifer Medium BOTD Billboard,-16.11392,0.1417389,133.2009
PF Conifer Medium BOTD URP,-77.59158,7.296089,123.4723
Conifer Medium BOTD LOD0,-77.59158,7.296089,123.4723
Conifer Medium BOTD LOD1,-77.59158,7.296089,123.4723
Conifer Medium BOTD Billboard,-77.59158,7.296089,123.4723
PF Conifer Medium BOTD URP,-75.02252,8.932045,130.0446
Conifer Medium BOTD LOD0,-75.02252,8.932045,130.0446
Conifer Medium BOTD LOD1,-75.02252,8.932045,130.0446
Conifer Medium BOTD Billboard,-75.02252,8.932045,130.0446
PF Conifer Medium BOTD URP,-119.336,6.299835,93.89276
Conifer Medium BOTD LOD0,-119.336,6.299835,93.89276
Conifer Medium BOTD LOD1,-119.336,6.299835,93.89276
Conifer Medium BOTD Billboard,-119.336,6.299835,93.89276
PF Conifer Medium BOTD URP,-109.513,6.203339,98.99347
Conifer Medium BOTD LOD0,-109.513,6.203339,98.99347
Conifer Medium BOTD LOD1,-109.513,6.203339,98.99347
Conifer Medium BOTD Billboard,-109.513,6.203339,98.99347
PF Conifer Medium BOTD URP,-113.8741,4.462852,92.65747
Conifer Medium BOTD LOD0,-113.8741,4.462852,92.65747
Conifer Medium BOTD LOD1,-113.8741,4.462852,92.65747
Conifer Medium BOTD Billboard,-113.8741,4.462852,92.65747
PF Conifer Medium BOTD URP,-138.3445,4.074936,61.91058
Conifer Medium BOTD LOD0,-138.3445,4.074936,61.91058
Conifer Medium BOTD LOD1,-138.3445,4.074936,61.91058
Conifer Medium BOTD Billboard,-138.3445,4.074936,61.91058
PF Conifer Medium BOTD URP,-145.3171,6.672211,67.42627
Conifer Medium BOTD LOD0,-145.3171,6.672211,67.42627
Conifer Medium BOTD LOD1,-145.3171,6.672211,67.42627
Conifer Medium BOTD Billboard,-145.3171,6.672211,67.42627
PF Conifer Medium BOTD URP,-136.6785,4.333725,71.00806
Conifer Medium BOTD LOD0,-136.6785,4.333725,71.00806
Conifer Medium BOTD LOD1,-136.6785,4.333725,71.00806
Conifer Medium BOTD Billboard,-136.6785,4.333725,71.00806
PF Conifer Medium BOTD URP,-130.9194,18.03088,108.1958
Conifer Medium BOTD LOD0,-130.9194,18.03088,108.1958
Conifer Medium BOTD LOD1,-130.9194,18.03088,108.1958
Conifer Medium BOTD Billboard,-130.9194,18.03088,108.1958
PF Conifer Medium BOTD URP,-130.354,20.31828,113.0402
Conifer Medium BOTD LOD0,-130.354,20.31828,113.0402
Conifer Medium BOTD LOD1,-130.354,20.31828,113.0402
Conifer Medium BOTD Billboard,-130.354,20.31828,113.0402
PF Conifer Medium BOTD URP,-123.3194,18.12375,114.6494
Conifer Medium BOTD LOD0,-123.3194,18.12375,114.6494
Conifer Medium BOTD LOD1,-123.3194,18.12375,114.6494
Conifer Medium BOTD Billboard,-123.3194,18.12375,114.6494
PF Conifer Medium BOTD URP,-74.46725,-0.784462,97.10956
Conifer Medium BOTD LOD0,-74.46725,-0.784462,97.10956
Conifer Medium BOTD LOD1,-74.46725,-0.784462,97.10956
Conifer Medium BOTD Billboard,-74.46725,-0.784462,97.10956
PF Conifer Medium BOTD URP,-78.07339,-1.253746,91.1947
Conifer Medium BOTD LOD0,-78.07339,-1.253746,91.1947
Conifer Medium BOTD LOD1,-78.07339,-1.253746,91.1947
Conifer Medium BOTD Billboard,-78.07339,-1.253746,91.1947
PF Conifer Medium BOTD URP,-72.37549,-1.615204,90.48438
Conifer Medium BOTD LOD0,-72.37549,-1.615204,90.48438
Conifer Medium BOTD LOD1,-72.37549,-1.615204,90.48438
Conifer Medium BOTD Billboard,-72.37549,-1.615204,90.48438
PF Conifer Medium BOTD URP,-113.0068,-0.7697678,61.3299
Conifer Medium BOTD LOD0,-113.0068,-0.7697678,61.3299
Conifer Medium BOTD LOD1,-113.0068,-0.7697678,61.3299
Conifer Medium BOTD Billboard,-113.0068,-0.7697678,61.3299
PF Conifer Medium BOTD URP,-105.4866,-1.435791,62.32214
Conifer Medium BOTD LOD0,-105.4866,-1.435791,62.32214
Conifer Medium BOTD LOD1,-105.4866,-1.435791,62.32214
Conifer Medium BOTD Billboard,-105.4866,-1.435791,62.32214
PF Conifer Medium BOTD URP,-102.1844,18.43204,125.7202
Conifer Medium BOTD LOD0,-102.1844,18.43204,125.7202
Conifer Medium BOTD LOD1,-102.1844,18.43204,125.7202
Conifer Medium BOTD Billboard,-102.1844,18.43204,125.7202
PF Conifer Medium BOTD URP,-105.3655,20.97327,129.0082
Conifer Medium BOTD LOD0,-105.3655,20.97327,129.0082
Conifer Medium BOTD LOD1,-105.3655,20.97327,129.0082
Conifer Medium BOTD Billboard,-105.3655,20.97327,129.0082
PF Conifer Medium BOTD URP,-99.14055,15.57132,122.2039
Conifer Medium BOTD LOD0,-99.14055,15.57132,122.2039
Conifer Medium BOTD LOD1,-99.14055,15.57132,122.2039
Conifer Medium BOTD Billboard,-99.14055,15.57132,122.2039
PF Conifer Medium BOTD URP,-115.0621,29.77847,145.8638
Conifer Medium BOTD LOD0,-115.0621,29.77847,145.8638
Conifer Medium BOTD LOD1,-115.0621,29.77847,145.8638
Conifer Medium BOTD Billboard,-115.0621,29.77847,145.8638
PF Conifer Medium BOTD URP,-112.0444,28.09017,141.9172
Conifer Medium BOTD LOD0,-112.0444,28.09017,141.9172
Conifer Medium BOTD LOD1,-112.0444,28.09017,141.9172
Conifer Medium BOTD Billboard,-112.0444,28.09017,141.9172
PF Conifer Medium BOTD URP,-156.3644,22.23717,115.6202
Conifer Medium BOTD LOD0,-156.3644,22.23717,115.6202
Conifer Medium BOTD LOD1,-156.3644,22.23717,115.6202
Conifer Medium BOTD Billboard,-156.3644,22.23717,115.6202
PF Conifer Medium BOTD URP,-152.8051,20.42892,110.4603
Conifer Medium BOTD LOD0,-152.8051,20.42892,110.4603
Conifer Medium BOTD LOD1,-152.8051,20.42892,110.4603
Conifer Medium BOTD Billboard,-152.8051,20.42892,110.4603
PF Conifer Medium BOTD URP,-151.8013,23.67729,118.4459
Conifer Medium BOTD LOD0,-151.8013,23.67729,118.4459
Conifer Medium BOTD LOD1,-151.8013,23.67729,118.4459
Conifer Medium BOTD Billboard,-151.8013,23.67729,118.4459
PF Conifer Medium BOTD URP,-136.7842,12.32534,94.47766
Conifer Medium BOTD LOD0,-136.7842,12.32534,94.47766
Conifer Medium BOTD LOD1,-136.7842,12.32534,94.47766
Conifer Medium BOTD Billboard,-136.7842,12.32534,94.47766
PF Conifer Medium BOTD URP,-143.1011,12.43309,91.17468
Conifer Medium BOTD LOD0,-143.1011,12.43309,91.17468
Conifer Medium BOTD LOD1,-143.1011,12.43309,91.17468
Conifer Medium BOTD Billboard,-143.1011,12.43309,91.17468
PF Conifer Medium BOTD URP,-129.6355,23.72353,121.1514
Conifer Medium BOTD LOD0,-129.6355,23.72353,121.1514
Conifer Medium BOTD LOD1,-129.6355,23.72353,121.1514
Conifer Medium BOTD Billboard,-129.6355,23.72353,121.1514
PF Conifer Medium BOTD URP,-67.89529,7.827423,135.5167
Conifer Medium BOTD LOD0,-67.89529,7.827423,135.5167
Conifer Medium BOTD LOD1,-67.89529,7.827423,135.5167
Conifer Medium BOTD Billboard,-67.89529,7.827423,135.5167
PF Conifer Medium BOTD URP,-75.92969,13.11744,137.5953
Conifer Medium BOTD LOD0,-75.92969,13.11744,137.5953
Conifer Medium BOTD LOD1,-75.92969,13.11744,137.5953
Conifer Medium BOTD Billboard,-75.92969,13.11744,137.5953
PF Conifer Medium BOTD URP,-67.19086,10.29989,141.801
Conifer Medium BOTD LOD0,-67.19086,10.29989,141.801
Conifer Medium BOTD LOD1,-67.19086,10.29989,141.801
Conifer Medium BOTD Billboard,-67.19086,10.29989,141.801
PF Conifer Medium BOTD URP,-73.41464,13.94086,142.2512
Conifer Medium BOTD LOD0,-73.41464,13.94086,142.2512
Conifer Medium BOTD LOD1,-73.41464,13.94086,142.2512
Conifer Medium BOTD Billboard,-73.41464,13.94086,142.2512
PF Conifer Medium BOTD URP,-25.19559,1.840248,142.5055
Conifer Medium BOTD LOD0,-25.19559,1.840248,142.5055
Conifer Medium BOTD LOD1,-25.19559,1.840248,142.5055
Conifer Medium BOTD Billboard,-25.19559,1.840248,142.5055
PF Conifer Medium BOTD URP,-31.07584,2.27401,145.6367
Conifer Medium BOTD LOD0,-31.07584,2.27401,145.6367
Conifer Medium BOTD LOD1,-31.07584,2.27401,145.6367
Conifer Medium BOTD Billboard,-31.07584,2.27401,145.6367
PF Conifer Medium BOTD URP,-25.26526,3.509758,148.9001
Conifer Medium BOTD LOD0,-25.26526,3.509758,148.9001
Conifer Medium BOTD LOD1,-25.26526,3.509758,148.9001
Conifer Medium BOTD Billboard,-25.26526,3.509758,148.9001
PF Conifer Medium BOTD URP,35.48975,9.627907,144.3438
Conifer Medium BOTD LOD0,35.48975,9.627907,144.3438
Conifer Medium BOTD LOD1,35.48975,9.627907,144.3438
Conifer Medium BOTD Billboard,35.48975,9.627907,144.3438
PF Conifer Medium BOTD URP,31.96466,9.233109,148.0389
Conifer Medium BOTD LOD0,31.96466,9.233109,148.0389
Conifer Medium BOTD LOD1,31.96466,9.233109,148.0389
Conifer Medium BOTD Billboard,31.96466,9.233109,148.0389
PF Conifer Medium BOTD URP,29.93561,7.201958,143.1457
Conifer Medium BOTD LOD0,29.93561,7.201958,143.1457
Conifer Medium BOTD LOD1,29.93561,7.201958,143.1457
Conifer Medium BOTD Billboard,29.93561,7.201958,143.1457
PF Conifer Medium BOTD URP,53.74396,13.93777,125.8225
Conifer Medium BOTD LOD0,53.74396,13.93777,125.8225
Conifer Medium BOTD LOD1,53.74396,13.93777,125.8225
Conifer Medium BOTD Billboard,53.74396,13.93777,125.8225
PF Conifer Medium BOTD URP,49.64996,10.77193,122.4241
Conifer Medium BOTD LOD0,49.64996,10.77193,122.4241
Conifer Medium BOTD LOD1,49.64996,10.77193,122.4241
Conifer Medium BOTD Billboard,49.64996,10.77193,122.4241
PF Conifer Medium BOTD URP,57.95538,13.6309,120.2385
Conifer Medium BOTD LOD0,57.95538,13.6309,120.2385
Conifer Medium BOTD LOD1,57.95538,13.6309,120.2385
Conifer Medium BOTD Billboard,57.95538,13.6309,120.2385
PF Conifer Medium BOTD URP,53.12671,10.50826,118.2628
Conifer Medium BOTD LOD0,53.12671,10.50826,118.2628
Conifer Medium BOTD LOD1,53.12671,10.50826,118.2628
Conifer Medium BOTD Billboard,53.12671,10.50826,118.2628
PF Conifer Medium BOTD URP,79.66003,10.90811,101.6354
Conifer Medium BOTD LOD0,79.66003,10.90811,101.6354
Conifer Medium BOTD LOD1,79.66003,10.90811,101.6354
Conifer Medium BOTD Billboard,79.66003,10.90811,101.6354
PF Conifer Medium BOTD URP,79.56238,12.43086,106.4865
Conifer Medium BOTD LOD0,79.56238,12.43086,106.4865
Conifer Medium BOTD LOD1,79.56238,12.43086,106.4865
Conifer Medium BOTD Billboard,79.56238,12.43086,106.4865
PF Conifer Medium BOTD URP,84.20837,13.02385,102.6783
Conifer Medium BOTD LOD0,84.20837,13.02385,102.6783
Conifer Medium BOTD LOD1,84.20837,13.02385,102.6783
Conifer Medium BOTD Billboard,84.20837,13.02385,102.6783
PF Conifer Medium BOTD URP,87.71936,16.38968,108.8047
Conifer Medium BOTD LOD0,87.71936,16.38968,108.8047
Conifer Medium BOTD LOD1,87.71936,16.38968,108.8047
Conifer Medium BOTD Billboard,87.71936,16.38968,108.8047
PF Conifer Medium BOTD URP,62.20892,24.15549,147.4918
Conifer Medium BOTD LOD0,62.20892,24.15549,147.4918
Conifer Medium BOTD LOD1,62.20892,24.15549,147.4918
Conifer Medium BOTD Billboard,62.20892,24.15549,147.4918
PF Conifer Medium BOTD URP,57.29272,20.15778,141.2321
Conifer Medium BOTD LOD0,57.29272,20.15778,141.2321
Conifer Medium BOTD LOD1,57.29272,20.15778,141.2321
Conifer Medium BOTD Billboard,57.29272,20.15778,141.2321
PF Conifer Medium BOTD URP,65.56805,23.73007,140.4185
Conifer Medium BOTD LOD0,65.56805,23.73007,140.4185
Conifer Medium BOTD LOD1,65.56805,23.73007,140.4185
Conifer Medium BOTD Billboard,65.56805,23.73007,140.4185
PF Conifer Medium BOTD URP,110.1904,23.59841,114.6939
Conifer Medium BOTD LOD0,110.1904,23.59841,114.6939
Conifer Medium BOTD LOD1,110.1904,23.59841,114.6939
Conifer Medium BOTD Billboard,110.1904,23.59841,114.6939
PF Conifer Medium BOTD URP,105.1245,24.36278,114.0715
Conifer Medium BOTD LOD0,105.1245,24.36278,114.0715
Conifer Medium BOTD LOD1,105.1245,24.36278,114.0715
Conifer Medium BOTD Billboard,105.1245,24.36278,114.0715
PF Conifer Medium BOTD URP,106.8641,22.20335,108.2108
Conifer Medium BOTD LOD0,106.8641,22.20335,108.2108
Conifer Medium BOTD LOD1,106.8641,22.20335,108.2108
Conifer Medium BOTD Billboard,106.8641,22.20335,108.2108
PF Conifer Medium BOTD URP,120.6972,26.68815,24.45123
Conifer Medium BOTD LOD0,120.6972,26.68815,24.45123
Conifer Medium BOTD LOD1,120.6972,26.68815,24.45123
Conifer Medium BOTD Billboard,120.6972,26.68815,24.45123
PF Conifer Medium BOTD URP,111.7808,15.77032,-28.03763
Conifer Medium BOTD LOD0,111.7808,15.77032,-28.03763
Conifer Medium BOTD LOD1,111.7808,15.77032,-28.03763
Conifer Medium BOTD Billboard,111.7808,15.77032,-28.03763
PF Conifer Medium BOTD URP,118.4904,17.57928,-27.60675
Conifer Medium BOTD LOD0,118.4904,17.57928,-27.60675
Conifer Medium BOTD LOD1,118.4904,17.57928,-27.60675
Conifer Medium BOTD Billboard,118.4904,17.57928,-27.60675
PF Conifer Medium BOTD URP,114.4777,15.21086,-22.06992
Conifer Medium BOTD LOD0,114.4777,15.21086,-22.06992
Conifer Medium BOTD LOD1,114.4777,15.21086,-22.06992
Conifer Medium BOTD Billboard,114.4777,15.21086,-22.06992
PF Conifer Medium BOTD URP,126.7426,33.88357,-74.55215
Conifer Medium BOTD LOD0,126.7426,33.88357,-74.55215
Conifer Medium BOTD LOD1,126.7426,33.88357,-74.55215
Conifer Medium BOTD Billboard,126.7426,33.88357,-74.55215
PF Conifer Medium BOTD URP,125.1166,32.96442,-79.38858
Conifer Medium BOTD LOD0,125.1166,32.96442,-79.38858
Conifer Medium BOTD LOD1,125.1166,32.96442,-79.38858
Conifer Medium BOTD Billboard,125.1166,32.96442,-79.38858
PF Conifer Medium BOTD URP,120.1804,28.97574,-71.77411
Conifer Medium BOTD LOD0,120.1804,28.97574,-71.77411
Conifer Medium BOTD LOD1,120.1804,28.97574,-71.77411
Conifer Medium BOTD Billboard,120.1804,28.97574,-71.77411
PF Conifer Medium BOTD URP,125.4035,33.09032,-68.8692
Conifer Medium BOTD LOD0,125.4035,33.09032,-68.8692
Conifer Medium BOTD LOD1,125.4035,33.09032,-68.8692
Conifer Medium BOTD Billboard,125.4035,33.09032,-68.8692
PF Conifer Medium BOTD URP,120.6757,30.05466,-80.14429
Conifer Medium BOTD LOD0,120.6757,30.05466,-80.14429
Conifer Medium BOTD LOD1,120.6757,30.05466,-80.14429
Conifer Medium BOTD Billboard,120.6757,30.05466,-80.14429
PF Conifer Medium BOTD URP,85.50067,19.07399,-101.8166
Conifer Medium BOTD LOD0,85.50067,19.07399,-101.8166
Conifer Medium BOTD LOD1,85.50067,19.07399,-101.8166
Conifer Medium BOTD Billboard,85.50067,19.07399,-101.8166
PF Conifer Medium BOTD URP,89.77832,19.01217,-95.97849
Conifer Medium BOTD LOD0,89.77832,19.01217,-95.97849
Conifer Medium BOTD LOD1,89.77832,19.01217,-95.97849
Conifer Medium BOTD Billboard,89.77832,19.01217,-95.97849
PF Conifer Medium BOTD URP,81.29535,15.62088,-96.49673
Conifer Medium BOTD LOD0,81.29535,15.62088,-96.49673
Conifer Medium BOTD LOD1,81.29535,15.62088,-96.49673
Conifer Medium BOTD Billboard,81.29535,15.62088,-96.49673
PF Conifer Medium BOTD URP,52.49951,18.30809,-123.3911
Conifer Medium BOTD LOD0,52.49951,18.30809,-123.3911
Conifer Medium BOTD LOD1,52.49951,18.30809,-123.3911
Conifer Medium BOTD Billboard,52.49951,18.30809,-123.3911
PF Conifer Medium BOTD URP,57.40051,19.62257,-124.1876
Conifer Medium BOTD LOD0,57.40051,19.62257,-124.1876
Conifer Medium BOTD LOD1,57.40051,19.62257,-124.1876
Conifer Medium BOTD Billboard,57.40051,19.62257,-124.1876
PF Conifer Medium BOTD URP,53.07159,15.59993,-118.4004
Conifer Medium BOTD LOD0,53.07159,15.59993,-118.4004
Conifer Medium BOTD LOD1,53.07159,15.59993,-118.4004
Conifer Medium BOTD Billboard,53.07159,15.59993,-118.4004
PF Conifer Medium BOTD URP,9.919769,16.55086,-123.3457
Conifer Medium BOTD LOD0,9.919769,16.55086,-123.3457
Conifer Medium BOTD LOD1,9.919769,16.55086,-123.3457
Conifer Medium BOTD Billboard,9.919769,16.55086,-123.3457
PF Conifer Medium BOTD URP,-126.4901,3.407326,-46.49249
Conifer Medium BOTD LOD0,-126.4901,3.407326,-46.49249
Conifer Medium BOTD LOD1,-126.4901,3.407326,-46.49249
Conifer Medium BOTD Billboard,-126.4901,3.407326,-46.49249
PF Conifer Medium BOTD URP,-123.0957,1.294762,-40.55817
Conifer Medium BOTD LOD0,-123.0957,1.294762,-40.55817
Conifer Medium BOTD LOD1,-123.0957,1.294762,-40.55817
Conifer Medium BOTD Billboard,-123.0957,1.294762,-40.55817
PF Conifer Medium BOTD URP,-128.1788,2.946533,-41.17896
Conifer Medium BOTD LOD0,-128.1788,2.946533,-41.17896
Conifer Medium BOTD LOD1,-128.1788,2.946533,-41.17896
Conifer Medium BOTD Billboard,-128.1788,2.946533,-41.17896
PF Conifer Medium BOTD URP,-99.58781,-1.68116,-44.89313
Conifer Medium BOTD LOD0,-99.58781,-1.68116,-44.89313
Conifer Medium BOTD LOD1,-99.58781,-1.68116,-44.89313
Conifer Medium BOTD Billboard,-99.58781,-1.68116,-44.89313
PF Conifer Medium BOTD URP,-93.79588,-1.894188,-40.81973
Conifer Medium BOTD LOD0,-93.79588,-1.894188,-40.81973
Conifer Medium BOTD LOD1,-93.79588,-1.894188,-40.81973
Conifer Medium BOTD Billboard,-93.79588,-1.894188,-40.81973
PF Conifer Medium BOTD URP,-93.23558,-1.846779,-46.51874
Conifer Medium BOTD LOD0,-93.23558,-1.846779,-46.51874
Conifer Medium BOTD LOD1,-93.23558,-1.846779,-46.51874
Conifer Medium BOTD Billboard,-93.23558,-1.846779,-46.51874
PF Conifer Medium BOTD URP,-165.7436,9.598862,-24.75241
Conifer Medium BOTD LOD0,-165.7436,9.598862,-24.75241
Conifer Medium BOTD LOD1,-165.7436,9.598862,-24.75241
Conifer Medium BOTD Billboard,-165.7436,9.598862,-24.75241
PF Conifer Medium BOTD URP,-158.5747,8.569939,-22.07544
Conifer Medium BOTD LOD0,-158.5747,8.569939,-22.07544
Conifer Medium BOTD LOD1,-158.5747,8.569939,-22.07544
Conifer Medium BOTD Billboard,-158.5747,8.569939,-22.07544
PF Conifer Medium BOTD URP,-192.3696,12.80083,-75.49387
Conifer Medium BOTD LOD0,-192.3696,12.80083,-75.49387
Conifer Medium BOTD LOD1,-192.3696,12.80083,-75.49387
Conifer Medium BOTD Billboard,-192.3696,12.80083,-75.49387
PF Conifer Medium BOTD URP,-190.7025,12.71181,-68.62033
Conifer Medium BOTD LOD0,-190.7025,12.71181,-68.62033
Conifer Medium BOTD LOD1,-190.7025,12.71181,-68.62033
Conifer Medium BOTD Billboard,-190.7025,12.71181,-68.62033
PF Conifer Medium BOTD URP,-199.8713,13.11729,-69.45349
Conifer Medium BOTD LOD0,-199.8713,13.11729,-69.45349
Conifer Medium BOTD LOD1,-199.8713,13.11729,-69.45349
Conifer Medium BOTD Billboard,-199.8713,13.11729,-69.45349
PF Conifer Medium BOTD URP,-193.1514,12.36215,-45.42563
Conifer Medium BOTD LOD0,-193.1514,12.36215,-45.42563
Conifer Medium BOTD LOD1,-193.1514,12.36215,-45.42563
Conifer Medium BOTD Billboard,-193.1514,12.36215,-45.42563
PF Conifer Medium BOTD URP,-187.8403,12.07506,-45.07919
Conifer Medium BOTD LOD0,-187.8403,12.07506,-45.07919
Conifer Medium BOTD LOD1,-187.8403,12.07506,-45.07919
Conifer Medium BOTD Billboard,-187.8403,12.07506,-45.07919
PF Conifer Medium BOTD URP,-191.06,12.05494,-40.35168
Conifer Medium BOTD LOD0,-191.06,12.05494,-40.35168
Conifer Medium BOTD LOD1,-191.06,12.05494,-40.35168
Conifer Medium BOTD Billboard,-191.06,12.05494,-40.35168
PF Conifer Medium BOTD URP,-160.8642,11.56957,-69.12122
Conifer Medium BOTD LOD0,-160.8642,11.56957,-69.12122
Conifer Medium BOTD LOD1,-160.8642,11.56957,-69.12122
Conifer Medium BOTD Billboard,-160.8642,11.56957,-69.12122
PF Conifer Medium BOTD URP,-166.1448,11.84848,-75.57773
Conifer Medium BOTD LOD0,-166.1448,11.84848,-75.57773
Conifer Medium BOTD LOD1,-166.1448,11.84848,-75.57773
Conifer Medium BOTD Billboard,-166.1448,11.84848,-75.57773
PF Conifer Medium BOTD URP,-141.325,11.0806,-76.06161
Conifer Medium BOTD LOD0,-141.325,11.0806,-76.06161
Conifer Medium BOTD LOD1,-141.325,11.0806,-76.06161
Conifer Medium BOTD Billboard,-141.325,11.0806,-76.06161
PF Conifer Medium BOTD URP,-140.5638,10.72198,-70.63669
Conifer Medium BOTD LOD0,-140.5638,10.72198,-70.63669
Conifer Medium BOTD LOD1,-140.5638,10.72198,-70.63669
Conifer Medium BOTD Billboard,-140.5638,10.72198,-70.63669
PF Conifer Medium BOTD URP,-146.2859,11.25825,-73.49582
Conifer Medium BOTD LOD0,-146.2859,11.25825,-73.49582
Conifer Medium BOTD LOD1,-146.2859,11.25825,-73.49582
Conifer Medium BOTD Billboard,-146.2859,11.25825,-73.49582
PF Conifer Medium BOTD URP,-41.73892,-1.432037,125.4821
Conifer Medium BOTD LOD0,-41.73892,-1.432037,125.4821
Conifer Medium BOTD LOD1,-41.73892,-1.432037,125.4821
Conifer Medium BOTD Billboard,-41.73892,-1.432037,125.4821
PF Conifer Medium BOTD URP,-44.44312,-1.815453,120.3085
Conifer Medium BOTD LOD0,-44.44312,-1.815453,120.3085
Conifer Medium BOTD LOD1,-44.44312,-1.815453,120.3085
Conifer Medium BOTD Billboard,-44.44312,-1.815453,120.3085
PF Conifer Medium BOTD URP,-38.20737,-1.644524,121.8521
Conifer Medium BOTD LOD0,-38.20737,-1.644524,121.8521
Conifer Medium BOTD LOD1,-38.20737,-1.644524,121.8521
Conifer Medium BOTD Billboard,-38.20737,-1.644524,121.8521
PF Conifer Medium BOTD URP,93.60815,15.77743,-80.59763
Conifer Medium BOTD LOD0,93.60815,15.77743,-80.59763
Conifer Medium BOTD LOD1,93.60815,15.77743,-80.59763
Conifer Medium BOTD Billboard,93.60815,15.77743,-80.59763
PF Conifer Medium BOTD URP,96.82306,19.89402,-83.82697
Conifer Medium BOTD LOD0,96.82306,19.89402,-83.82697
Conifer Medium BOTD LOD1,96.82306,19.89402,-83.82697
Conifer Medium BOTD Billboard,96.82306,19.89402,-83.82697
PF Conifer Medium BOTD URP,88.44531,14.62502,-84.83456
Conifer Medium BOTD LOD0,88.44531,14.62502,-84.83456
Conifer Medium BOTD LOD1,88.44531,14.62502,-84.83456
Conifer Medium BOTD Billboard,88.44531,14.62502,-84.83456
PF Conifer Medium BOTD URP,108.6841,16.52457,-33.12909
Conifer Medium BOTD LOD0,108.6841,16.52457,-33.12909
Conifer Medium BOTD LOD1,108.6841,16.52457,-33.12909
Conifer Medium BOTD Billboard,108.6841,16.52457,-33.12909
PF Conifer Medium BOTD URP,125.7947,22.42521,-20.32025
Conifer Medium BOTD LOD0,125.7947,22.42521,-20.32025
Conifer Medium BOTD LOD1,125.7947,22.42521,-20.32025
Conifer Medium BOTD Billboard,125.7947,22.42521,-20.32025
PF Conifer Medium BOTD URP,128.3325,25.48685,-24.62674
Conifer Medium BOTD LOD0,128.3325,25.48685,-24.62674
Conifer Medium BOTD LOD1,128.3325,25.48685,-24.62674
Conifer Medium BOTD Billboard,128.3325,25.48685,-24.62674
PF Conifer Medium BOTD URP,118.1788,19.56954,12.30847
Conifer Medium BOTD LOD0,118.1788,19.56954,12.30847
Conifer Medium BOTD LOD1,118.1788,19.56954,12.30847
Conifer Medium BOTD Billboard,118.1788,19.56954,12.30847
PF Conifer Medium BOTD URP,115.0018,16.58287,8.311096
Conifer Medium BOTD LOD0,115.0018,16.58287,8.311096
Conifer Medium BOTD LOD1,115.0018,16.58287,8.311096
Conifer Medium BOTD Billboard,115.0018,16.58287,8.311096
PF Conifer Medium BOTD URP,113.1075,17.30368,16.33948
Conifer Medium BOTD LOD0,113.1075,17.30368,16.33948
Conifer Medium BOTD LOD1,113.1075,17.30368,16.33948
Conifer Medium BOTD Billboard,113.1075,17.30368,16.33948
PF Conifer Medium BOTD URP,109.9938,11.38234,62.30579
Conifer Medium BOTD LOD0,109.9938,11.38234,62.30579
Conifer Medium BOTD LOD1,109.9938,11.38234,62.30579
Conifer Medium BOTD Billboard,109.9938,11.38234,62.30579
PF Conifer Medium BOTD URP,112.9141,12.71906,58.22552
Conifer Medium BOTD LOD0,112.9141,12.71906,58.22552
Conifer Medium BOTD LOD1,112.9141,12.71906,58.22552
Conifer Medium BOTD Billboard,112.9141,12.71906,58.22552
PF Conifer Medium BOTD URP,104.3106,15.24231,92.79193
Conifer Medium BOTD LOD0,104.3106,15.24231,92.79193
Conifer Medium BOTD LOD1,104.3106,15.24231,92.79193
Conifer Medium BOTD Billboard,104.3106,15.24231,92.79193
PF Conifer Medium BOTD URP,-79.09305,2.890991,-123.537
Conifer Medium BOTD LOD0,-79.09305,2.890991,-123.537
Conifer Medium BOTD LOD1,-79.09305,2.890991,-123.537
Conifer Medium BOTD Billboard,-79.09305,2.890991,-123.537
PF Conifer Medium BOTD URP,-36.64807,2.065643,-115.532
Conifer Medium BOTD LOD0,-36.64807,2.065643,-115.532
Conifer Medium BOTD LOD1,-36.64807,2.065643,-115.532
Conifer Medium BOTD Billboard,-36.64807,2.065643,-115.532
PF Conifer Medium BOTD URP,-33.0495,4.014862,-121.1345
Conifer Medium BOTD LOD0,-33.0495,4.014862,-121.1345
Conifer Medium BOTD LOD1,-33.0495,4.014862,-121.1345
Conifer Medium BOTD Billboard,-33.0495,4.014862,-121.1345
PF Conifer Medium BOTD URP,43.74823,6.023331,-103.8423
Conifer Medium BOTD LOD0,43.74823,6.023331,-103.8423
Conifer Medium BOTD LOD1,43.74823,6.023331,-103.8423
Conifer Medium BOTD Billboard,43.74823,6.023331,-103.8423
PF Conifer Medium BOTD URP,45.57404,12.49194,-111.2541
Conifer Medium BOTD LOD0,45.57404,12.49194,-111.2541
Conifer Medium BOTD LOD1,45.57404,12.49194,-111.2541
Conifer Medium BOTD Billboard,45.57404,12.49194,-111.2541
PF Conifer Medium BOTD URP,39.20392,7.062225,-107.1304
Conifer Medium BOTD LOD0,39.20392,7.062225,-107.1304
Conifer Medium BOTD LOD1,39.20392,7.062225,-107.1304
Conifer Medium BOTD Billboard,39.20392,7.062225,-107.1304
PF Conifer Medium BOTD URP,98.4812,12.76026,-68.95984
Conifer Medium BOTD LOD0,98.4812,12.76026,-68.95984
Conifer Medium BOTD LOD1,98.4812,12.76026,-68.95984
Conifer Medium BOTD Billboard,98.4812,12.76026,-68.95984
PF Conifer Medium BOTD URP,116.9301,24.61696,-47.67749
Conifer Medium BOTD LOD0,116.9301,24.61696,-47.67749
Conifer Medium BOTD LOD1,116.9301,24.61696,-47.67749
Conifer Medium BOTD Billboard,116.9301,24.61696,-47.67749
PF Conifer Medium BOTD URP,111.2104,20.80954,-49.01892
Conifer Medium BOTD LOD0,111.2104,20.80954,-49.01892
Conifer Medium BOTD LOD1,111.2104,20.80954,-49.01892
Conifer Medium BOTD Billboard,111.2104,20.80954,-49.01892
PF Conifer Medium BOTD URP,117.7392,24.06596,-41.51486
Conifer Medium BOTD LOD0,117.7392,24.06596,-41.51486
Conifer Medium BOTD LOD1,117.7392,24.06596,-41.51486
Conifer Medium BOTD Billboard,117.7392,24.06596,-41.51486
PF Conifer Medium BOTD URP,81.60596,7.610115,93.08344
Conifer Medium BOTD LOD0,81.60596,7.610115,93.08344
Conifer Medium BOTD LOD1,81.60596,7.610115,93.08344
Conifer Medium BOTD Billboard,81.60596,7.610115,93.08344
PF Conifer Medium BOTD URP,-85.82797,24.80586,161.7578
Conifer Medium BOTD LOD0,-85.82797,24.80586,161.7578
Conifer Medium BOTD LOD1,-85.82797,24.80586,161.7578
Conifer Medium BOTD Billboard,-85.82797,24.80586,161.7578
PF Conifer Medium BOTD URP,-90.79985,26.81441,160.2899
Conifer Medium BOTD LOD0,-90.79985,26.81441,160.2899
Conifer Medium BOTD LOD1,-90.79985,26.81441,160.2899
Conifer Medium BOTD Billboard,-90.79985,26.81441,160.2899
PF Conifer Medium BOTD URP,-89.52019,25.42561,153.5092
Conifer Medium BOTD LOD0,-89.52019,25.42561,153.5092
Conifer Medium BOTD LOD1,-89.52019,25.42561,153.5092
Conifer Medium BOTD Billboard,-89.52019,25.42561,153.5092
PF Conifer Medium BOTD URP,-62.05435,14.29227,170.6825
Conifer Medium BOTD LOD0,-62.05435,14.29227,170.6825
Conifer Medium BOTD LOD1,-62.05435,14.29227,170.6825
Conifer Medium BOTD Billboard,-62.05435,14.29227,170.6825
PF Conifer Medium BOTD URP,-58.3353,11.9146,164.1312
Conifer Medium BOTD LOD0,-58.3353,11.9146,164.1312
Conifer Medium BOTD LOD1,-58.3353,11.9146,164.1312
Conifer Medium BOTD Billboard,-58.3353,11.9146,164.1312
PF Conifer Medium BOTD URP,-33.96115,7.137459,171.2411
Conifer Medium BOTD LOD0,-33.96115,7.137459,171.2411
Conifer Medium BOTD LOD1,-33.96115,7.137459,171.2411
Conifer Medium BOTD Billboard,-33.96115,7.137459,171.2411
PF Conifer Medium BOTD URP,-31.78143,6.073318,162.3867
Conifer Medium BOTD LOD0,-31.78143,6.073318,162.3867
Conifer Medium BOTD LOD1,-31.78143,6.073318,162.3867
Conifer Medium BOTD Billboard,-31.78143,6.073318,162.3867
PF Conifer Medium BOTD URP,-38.4487,6.825905,168.2612
Conifer Medium BOTD LOD0,-38.4487,6.825905,168.2612
Conifer Medium BOTD LOD1,-38.4487,6.825905,168.2612
Conifer Medium BOTD Billboard,-38.4487,6.825905,168.2612
PF Conifer Medium BOTD URP,-0.2375793,5.739487,159.8337
Conifer Medium BOTD LOD0,-0.2375793,5.739487,159.8337
Conifer Medium BOTD LOD1,-0.2375793,5.739487,159.8337
Conifer Medium BOTD Billboard,-0.2375793,5.739487,159.8337
PF Conifer Medium BOTD URP,-0.8230286,6.940178,165.239
Conifer Medium BOTD LOD0,-0.8230286,6.940178,165.239
Conifer Medium BOTD LOD1,-0.8230286,6.940178,165.239
Conifer Medium BOTD Billboard,-0.8230286,6.940178,165.239
PF Conifer Medium BOTD URP,4.762482,8.06778,169.1198
Conifer Medium BOTD LOD0,4.762482,8.06778,169.1198
Conifer Medium BOTD LOD1,4.762482,8.06778,169.1198
Conifer Medium BOTD Billboard,4.762482,8.06778,169.1198
PF Conifer Medium BOTD URP,-1.114716,7.860466,170.1984
Conifer Medium BOTD LOD0,-1.114716,7.860466,170.1984
Conifer Medium BOTD LOD1,-1.114716,7.860466,170.1984
Conifer Medium BOTD Billboard,-1.114716,7.860466,170.1984
PF Conifer Medium BOTD URP,-83.43488,21.05779,146.1344
Conifer Medium BOTD LOD0,-83.43488,21.05779,146.1344
Conifer Medium BOTD LOD1,-83.43488,21.05779,146.1344
Conifer Medium BOTD Billboard,-83.43488,21.05779,146.1344
PF Conifer Medium BOTD URP,-71.99927,17.42969,154.1514
Conifer Medium BOTD LOD0,-71.99927,17.42969,154.1514
Conifer Medium BOTD LOD1,-71.99927,17.42969,154.1514
Conifer Medium BOTD Billboard,-71.99927,17.42969,154.1514
PF Conifer Medium BOTD URP,-67.32635,15.04738,153.6129
Conifer Medium BOTD LOD0,-67.32635,15.04738,153.6129
Conifer Medium BOTD LOD1,-67.32635,15.04738,153.6129
Conifer Medium BOTD Billboard,-67.32635,15.04738,153.6129
PF Conifer Medium BOTD URP,-71.15933,15.5977,149.0446
Conifer Medium BOTD LOD0,-71.15933,15.5977,149.0446
Conifer Medium BOTD LOD1,-71.15933,15.5977,149.0446
Conifer Medium BOTD Billboard,-71.15933,15.5977,149.0446
PF Conifer Medium BOTD URP,-65.28568,15.17572,161.8002
Conifer Medium BOTD LOD0,-65.28568,15.17572,161.8002
Conifer Medium BOTD LOD1,-65.28568,15.17572,161.8002
Conifer Medium BOTD Billboard,-65.28568,15.17572,161.8002
PF Conifer Medium BOTD URP,-51.98163,7.262222,149.7408
Conifer Medium BOTD LOD0,-51.98163,7.262222,149.7408
Conifer Medium BOTD LOD1,-51.98163,7.262222,149.7408
Conifer Medium BOTD Billboard,-51.98163,7.262222,149.7408
PF Conifer Medium BOTD URP,-56.19589,10.1871,156.2166
Conifer Medium BOTD LOD0,-56.19589,10.1871,156.2166
Conifer Medium BOTD LOD1,-56.19589,10.1871,156.2166
Conifer Medium BOTD Billboard,-56.19589,10.1871,156.2166
PF Conifer Medium BOTD URP,-169.1569,17.04593,63.24103
Conifer Medium BOTD LOD0,-169.1569,17.04593,63.24103
Conifer Medium BOTD LOD1,-169.1569,17.04593,63.24103
Conifer Medium BOTD Billboard,-169.1569,17.04593,63.24103
PF Conifer Medium BOTD URP,-164.3599,14.08565,59.36346
Conifer Medium BOTD LOD0,-164.3599,14.08565,59.36346
Conifer Medium BOTD LOD1,-164.3599,14.08565,59.36346
Conifer Medium BOTD Billboard,-164.3599,14.08565,59.36346
PF Conifer Medium BOTD URP,-167.2471,14.38149,53.97546
Conifer Medium BOTD LOD0,-167.2471,14.38149,53.97546
Conifer Medium BOTD LOD1,-167.2471,14.38149,53.97546
Conifer Medium BOTD Billboard,-167.2471,14.38149,53.97546
PF Conifer Medium BOTD URP,-163.5852,15.07676,72.80487
Conifer Medium BOTD LOD0,-163.5852,15.07676,72.80487
Conifer Medium BOTD LOD1,-163.5852,15.07676,72.80487
Conifer Medium BOTD Billboard,-163.5852,15.07676,72.80487
PF Conifer Medium BOTD URP,-163.9595,15.51268,80.64368
Conifer Medium BOTD LOD0,-163.9595,15.51268,80.64368
Conifer Medium BOTD LOD1,-163.9595,15.51268,80.64368
Conifer Medium BOTD Billboard,-163.9595,15.51268,80.64368
PF Conifer Medium BOTD URP,-157.7438,12.75367,76.39069
Conifer Medium BOTD LOD0,-157.7438,12.75367,76.39069
Conifer Medium BOTD LOD1,-157.7438,12.75367,76.39069
Conifer Medium BOTD Billboard,-157.7438,12.75367,76.39069
PF Conifer Medium BOTD URP,-135.3143,4.901848,27.99847
Conifer Medium BOTD LOD0,-135.3143,4.901848,27.99847
Conifer Medium BOTD LOD1,-135.3143,4.901848,27.99847
Conifer Medium BOTD Billboard,-135.3143,4.901848,27.99847
PF Conifer Medium BOTD URP,-127.1396,3.13903,28.41296
Conifer Medium BOTD LOD0,-127.1396,3.13903,28.41296
Conifer Medium BOTD LOD1,-127.1396,3.13903,28.41296
Conifer Medium BOTD Billboard,-127.1396,3.13903,28.41296
PF Conifer Medium BOTD URP,-135.1791,4.476341,33.21741
Conifer Medium BOTD LOD0,-135.1791,4.476341,33.21741
Conifer Medium BOTD LOD1,-135.1791,4.476341,33.21741
Conifer Medium BOTD Billboard,-135.1791,4.476341,33.21741
PF Conifer Medium BOTD URP,109.6893,14.67144,42.19489
Conifer Medium BOTD LOD0,109.6893,14.67144,42.19489
Conifer Medium BOTD LOD1,109.6893,14.67144,42.19489
Conifer Medium BOTD Billboard,109.6893,14.67144,42.19489
PF Conifer Medium BOTD URP,106.4658,12.74799,38.57135
Conifer Medium BOTD LOD0,106.4658,12.74799,38.57135
Conifer Medium BOTD LOD1,106.4658,12.74799,38.57135
Conifer Medium BOTD Billboard,106.4658,12.74799,38.57135
PF Conifer Medium BOTD URP,103.9689,10.4297,69.60803
Conifer Medium BOTD LOD0,103.9689,10.4297,69.60803
Conifer Medium BOTD LOD1,103.9689,10.4297,69.60803
Conifer Medium BOTD Billboard,103.9689,10.4297,69.60803
PF Conifer Medium BOTD URP,104.0512,12.53725,74.33246
Conifer Medium BOTD LOD0,104.0512,12.53725,74.33246
Conifer Medium BOTD LOD1,104.0512,12.53725,74.33246
Conifer Medium BOTD Billboard,104.0512,12.53725,74.33246
PF Conifer Medium BOTD URP,90.03973,6.513649,78.05103
Conifer Medium BOTD LOD0,90.03973,6.513649,78.05103
Conifer Medium BOTD LOD1,90.03973,6.513649,78.05103
Conifer Medium BOTD Billboard,90.03973,6.513649,78.05103
PF Conifer Medium BOTD URP,93.06909,9.894531,87.09924
Conifer Medium BOTD LOD0,93.06909,9.894531,87.09924
Conifer Medium BOTD LOD1,93.06909,9.894531,87.09924
Conifer Medium BOTD Billboard,93.06909,9.894531,87.09924
PF Conifer Medium BOTD URP,84.71429,6.449173,86.27783
Conifer Medium BOTD LOD0,84.71429,6.449173,86.27783
Conifer Medium BOTD LOD1,84.71429,6.449173,86.27783
Conifer Medium BOTD Billboard,84.71429,6.449173,86.27783
PF Conifer Medium BOTD URP,38.63361,2.168839,108.3953
Conifer Medium BOTD LOD0,38.63361,2.168839,108.3953
Conifer Medium BOTD LOD1,38.63361,2.168839,108.3953
Conifer Medium BOTD Billboard,38.63361,2.168839,108.3953
PF Conifer Medium BOTD URP,44.81842,3.142563,104.8657
Conifer Medium BOTD LOD0,44.81842,3.142563,104.8657
Conifer Medium BOTD LOD1,44.81842,3.142563,104.8657
Conifer Medium BOTD Billboard,44.81842,3.142563,104.8657
PF Conifer Medium BOTD URP,39.53052,1.449097,103.5018
Conifer Medium BOTD LOD0,39.53052,1.449097,103.5018
Conifer Medium BOTD LOD1,39.53052,1.449097,103.5018
Conifer Medium BOTD Billboard,39.53052,1.449097,103.5018
PF Conifer Medium BOTD URP,62.54614,8.628174,104.9589
Conifer Medium BOTD LOD0,62.54614,8.628174,104.9589
Conifer Medium BOTD LOD1,62.54614,8.628174,104.9589
Conifer Medium BOTD Billboard,62.54614,8.628174,104.9589
PF Conifer Medium BOTD URP,26.17041,1.842476,123.9518
Conifer Medium BOTD LOD0,26.17041,1.842476,123.9518
Conifer Medium BOTD LOD1,26.17041,1.842476,123.9518
Conifer Medium BOTD Billboard,26.17041,1.842476,123.9518
Terrain,-500,-1.93,-500
